level,CEFR,主題,english_word,KK音標,中譯,例句,翻譯,例句2,翻譯2,Year_1,Part_1,Source_1,詞性,詞性變化,片語,同義字,反義字,易混淆字,字首,字尾,字根,意思,例子
1,A2,氣候,air,/ɛr/,(n.) 空氣；空中,The air quality in the city has improved greatly this year.,今年城市的空氣品質改善了很多。,"Some hotels may not provide air conditioning in the capsules, leading to poor air flow.",有些旅館可能不在膠囊內提供空調，導致空氣流通不佳。,114學測,篇章結構,Passage for Q31-34,名詞,名詞: 不可數,in the air; on the air; put on airs,atmosphere (n.); sky (n.); breeze (n.),vacuum (n.); airlessness (n.),heir (n.); err (v.),,,,,
1,B1,氣候,blow,/blo/,(v.) 吹；吹動,The wind began to blow strongly as the storm approached.,隨著暴風雨接近，風開始猛烈地吹。,,,,,,動詞,動詞: 過去式: blew; 過去分詞: blown; 現在分詞: blowing; 第三人稱: blows,blow up; blow out; blow away; blow over,gust (v./n.); blast (v./n.); exhale (v.),inhale (v.); suck in (v.),below (adv./prep.); glow (v./n.),,,,,
1,A2,氣候,cloud,/klaʊd/,(n.) 雲,"The sky was full of dark clouds, signaling a storm.",天空布滿了烏雲，預示著一場暴風雨。,A storm cloud “chased” him until he was struck.,一片暴風雲「追」著他，直到他被擊中。,110學測,綜合測驗,Passage for 21-25,名詞,名詞: 可數；複數: clouds,cloud over; under a cloud,overcast (adj./n.); mist (n.); vapor (n.),clear sky (n.); sunshine (n.),crowd (n.); clod (n.),,,,,
1,B1,氣候,earth,/ɝθ/,(n.) 地球；土地；泥土,"The Earth revolves around the sun, taking about 365 days.",地球繞著太陽轉，大約需要365天。,"When on Earth, we have more fluids in our lower body because they are pulled down by Earth's gravity.",在地球上時，我們的下半身有更多的體液，因為它們被地球的重力向下拉。,112學測,綜合測驗,Passage for 16-20,名詞,名詞: 不可數,on earth; down to earth,world (n.); globe (n.); soil (n.),space (n.); sky (n.),birth (n.); worth (n.),,,,,
1,A2,氣候,fall,/fɔl/,(n./v.) 秋天 (美式)；跌倒；落下,Be careful not to fall on the icy ground.,小心不要在結冰的地面上跌倒。,"But baby elephants, not used to negotiating rough ground, may easily fall into the trenches and get hurt; and once injured, they might not be able to climb out.",但小象不習慣崎嶇不平的地面，很容易掉入溝渠中受傷；一旦受傷，牠們可能無法爬出來。,112學測,閱讀測驗-文本,Passage for 39-42,名詞；動詞,"名詞: 可數；複數: falls
動詞: 過去式: fell; 過去分詞: fallen; 現在分詞: falling; 第三人稱: falls",fall down; fall behind; fall asleep; fall in love; fall apart,drop (v./n.); descend (v.); plunge (v.),rise (v.); ascend (v.),fail (v.); fell (v.); full (adj.),,,,,
1,B1,氣候,ground,/graʊnd/,(n./v.) 地面；土地；場地,"She dropped her keys, and they fell to the ground with a clatter.",她掉了鑰匙，鑰匙叮噹一聲掉落在地上。,Lisa tumbled onto the ground and injured her ankle while she was playing basketball yesterday.,Lisa 昨天打籃球時跌倒在地，傷到了腳踝。,110學測,詞彙題,Question 8,名詞；動詞,"名詞: 可數；複數: grounds
動詞: 過去式: grounded; 過去分詞: grounded; 現在分詞: grounding; 第三人稱: grounds",on the ground; break ground; gain ground; stand one's ground,earth (n.); soil (n.); land (n.),sky (n.); air (n.),grind (v.); round (adj.),,,,,
1,A2,氣候,ice,/aɪs/,(n.) 冰,Would you like some ice in your drink?,你的飲料裡要加點冰嗎？,"But some mountain ranges of South America, Africa, and Indonesia are also home to glaciers and ice sheets.",但南美洲、非洲和印尼的一些山脈也是冰川和冰蓋的所在地。,110學測,綜合測驗,Passage for 26-30,名詞,名詞: 不可數；較少用複數: ices,break the ice; on ice; on thin ice,frost (n.); glacier (n.); sleet (n.),steam (n.); heat (n.),dice (n.); rice (n.); lice (n.),,,,,
1,A2,氣候,lake,/lek/,(n.) 湖泊,We often go fishing at the beautiful lake near our house.,我們經常到我家附近那個美麗的湖泊釣魚。,"Completely wheelchair-accessible, the park features 25 acres of attractions including rides, playgrounds, a catch-and-release fishing lake, and picnic areas throughout the park.",這座佔地25英畝的公園完全輪椅無障礙，設有遊樂設施、遊樂場、可捕撈放流的釣魚湖以及遍布公園的野餐區。,110學測,閱讀測驗-文本,Passage for 53-56,名詞,名詞: 可數；複數: lakes,,pond (n.); lagoon (n.); reservoir (n.),desert (n.); dry basin (n.),like (v./prep.); late (adj.); make (v.),,,,,
1,B1,氣候,land,/lænd/,(n./v.) 陸地；土地,"After weeks at sea, the sailors were eager to see land again.",在海上待了幾週後，水手們渴望再次看見陸地。,This means that no increased competition arises for the water or land presently used for food production.,這意味著不會增加對目前用於糧食生產的水或土地的競爭。,110學測,閱讀測驗-文本,Passage for 41-44,名詞；動詞,"名詞: 可數；複數: lands
動詞: 過去式: landed; 過去分詞: landed; 現在分詞: landing; 第三人稱: lands",land on; land a job,terrain (n.); ground (n.); earth (n.),sea (n.); ocean (n.),lend (v.); lane (n.); hand (n.),,,,,
1,A2,氣候,mountain,/ˋmaʊntn/,(n.) 山,We climbed to the top of the mountain to enjoy the breathtaking view.,我們爬到了山頂，欣賞令人驚嘆的景色。,"But some mountain ranges of South America, Africa, and Indonesia are also home to glaciers and ice sheets.",但南美洲、非洲和印尼的一些山脈也是冰川和冰蓋的所在地。,110學測,綜合測驗,Passage for 26-30,名詞,名詞: 可數；複數: mountains,make a mountain out of a molehill,peak (n.); summit (n.); ridge (n.),valley (n.); plain (n.),fountain (n.); maintain (v.),,-ain,,person or thing related to (與…相關的人或物),"mountain (山), captain (隊長), fountain (噴泉)"
1,A2,氣候,nature,/ˋnetʃɚ/,(n.) 自然；天性；本質,We should appreciate the beauty of nature and work to protect our environment.,我們應該欣賞大自然的美，並努力保護我們的環境。,"Racist remarks are by nature offensive and hurtful, and should be avoided on all occasions.",帶有種族歧視的言論本質上具有攻擊性和傷害性，應避免在任何場合使用。,114學測,詞彙題,Question 4,名詞,名詞: 不可數,by nature; in nature,environment (n.); wildlife (n.); outdoors (n.),civilization (n.); urban life (n.),mature (adj./v.); feature (n.),,,,,
1,A1,氣候,rain,/ren/,(n./v.) 雨；雨水 (不可數),Heavy rain caused floods in the area last night.,昨晚的大雨導致該地區發生洪水。,"With their plan disrupted by the rain, the two dozen participants squeezed into the living room.",由於計畫被雨水打亂，二十幾位參與者擠進了客廳。,114學測,綜合測驗,Passage for Q11-15,名詞；動詞,"名詞: 不可數
動詞: 過去式: rained; 過去分詞: rained; 現在分詞: raining; 第三人稱: rains",rain cats and dogs; rain or shine,shower (n./v.); downpour (n.); drizzle (n./v.),drought (n.); dry spell (n.),reign (n./v.); rein (n.); vain (adj.),,,,,
1,A1,氣候,river,/ˋrɪvɚ/,(n.) 河流,The Taipei City runs along the Tamsui River.,台北市沿著淡水河延伸。,The new expansion is composed of five themed splash pads and a River Boat Adventure Ride.,新的擴建包括五個主題戲水區和一條河上船隻冒險遊樂設施。,110學測,閱讀測驗-文本,Passage for 53-56,名詞,名詞: 可數；複數: rivers,sell down the river,stream (n.); watercourse (n.); brook (n.),desert (n.); dry channel (n.),liver (n.); shiver (v./n.),,,,,
1,A1,氣候,sea,/si/,(n.) 海；海洋,We spent the whole afternoon swimming in the clear blue sea.,我們整個下午都在清澈蔚藍的大海中游泳。,"In 1498, Portuguese explorer Vasco da Gama made the first sea voyage to India, via the southernmost tip of Africa.",1498年，葡萄牙探險家瓦斯科．達．伽馬首次經由非洲最南端的海路前往印度。,112學測,閱讀測驗-文本,Passage for 43-46,名詞,名詞: 可數；複數: seas,at sea; by sea,ocean (n.); deep (n.); blue (n./adj.),land (n.); inland (adj./n.),see (v.); C (n.),,,,,
1,B1,氣候,season,/ˋsizn/,(n.) 季節,Autumn is my favorite season because the weather is cool and leaves change color.,秋天是我最喜歡的季節，因為天氣涼爽，樹葉會變色。,"Finally, as predicted, snakes captured during the dry season contained significantly less body water than those scooped up in the rainy season.",最後，正如預測的那樣，在乾季捕獲的蛇體內水分明顯少於在雨季捕獲的蛇。,105學測,閱讀測驗-文本,Passage for Questions 53-56,名詞,名詞: 可數；複數: seasons,in season; out of season,period (n.); quarter (n.); time of year (n.),timelessness (n.); unchanging period (n.),reason (n.); treason (n.),,,,,
1,A2,氣候,sky,/skaɪ/,(n.) 天空,"The sky was clear blue, without a single cloud.",天空一片湛藍，沒有一朵雲。,"When subjected to repeated pressurization high in the sky, the four corners on a square window may spell disaster.",當方形窗戶在高空反覆承受加壓時，它的四個角可能會釀成災難。,111學測,綜合測驗,Passage for 16-20,名詞,名詞: 可數；複數: skies,the sky is the limit; out of a clear blue sky,heavens (n.); firmament (n.); blue (n.),earth (n.); ground (n.),ski (n./v.); shy (adj.),,,,,
1,A1,氣候,snow,/sno/,(n./v.) 雪 (不可數),It started to snow heavily early this morning.,今天清晨開始下大雪。,"After the first snow of the year, the entire grassland disappeared under a blanket of snow.",下過今年第一場雪後，整片草地都消失在雪毯之下。,107學測,詞彙題,Question 11,名詞；動詞,"名詞: 不可數
動詞: 過去式: snowed; 過去分詞: snowed; 現在分詞: snowing; 第三人稱: snows",be snowed under,flurry (n.); powder (n.); blizzard (n.),thaw (n./v.); heatwave (n.),know (v.); show (v./n.); slow (adj.),,,,,
1,A2,氣候,spring,/sprɪŋ/,(n./v.) 春天；泉水；彈簧,"In spring, flowers bloom and the weather gets warmer every day.",春天時，花朵盛開，天氣也每天變得暖和。,"With pink cherry blossoms blooming everywhere, the valley blushes like a young bride under the bright spring sunshine.",粉紅色的櫻花處處綻放，山谷在明媚的春陽下，猶如一位年輕的新娘，面泛紅暈。,111學測,詞彙題,Question 10,名詞；動詞,"名詞: 可數；複數: springs
動詞: 過去式: sprang/sprung; 過去分詞: sprung; 現在分詞: springing; 第三人稱: springs",spring up; spring into action,springtime (n.); fountain (n.); coil (n.),autumn (n.); winter (n.),string (n.); bring (v.); sing (v.),,,,,
1,A1,氣候,sun,/sʌn/,(n./v.) 太陽,The sun rises in the east and sets in the west every day.,太陽每天從東方升起，從西方落下。,Watching the sun emerging from a sea of clouds is a must-do activity for all visitors to Ali Mountain.,在阿里山欣賞從雲海中升起的日出，是所有造訪旅客的必做之事。,113學測,詞彙題,Question 2,名詞；動詞,"名詞: 可數；複數: suns
動詞: 過去式: sunned; 過去分詞: sunned; 現在分詞: sunning; 第三人稱: suns",under the sun,star (n.); daystar (n.); sunlight (n.),moon (n.); darkness (n.),son (n.); fun (n.); run (v./n.),,,,,
1,A1,氣候,warm,/wɔrm/,(adj./v.) 溫暖的；熱情的,The warm sunshine felt so good after the cold winter.,寒冷的冬天過後，溫暖的陽光感覺真好。,"Situated off the coast of Tanzania and washed by the warm, clean waters of the Indian Ocean, Zanzibar is a tropical archipelago comprised of several scattered islands.",位於坦尚尼亞海岸外，並被溫暖、潔淨的印度洋海水沖刷著，尚西巴是一個由數個分散島嶼組成的熱帶群島。,112學測,閱讀測驗-文本,Passage for 43-46,形容詞；動詞,"形容詞: 比較級: warmer; 最高級: warmest
動詞: 過去式: warmed; 過去分詞: warmed; 現在分詞: warming; 第三人稱: warms",warm up; warm to,balmy (adj.); mild (adj.); toasty (adj.),cold (adj.); chilly (adj.),worm (n.); form (n./v.); warn (v.),,,,,
1,A1,氣候,water,/ˋwɔtɚ/,(n./v.) 水 (不可數),"Don't forget to drink plenty of water, especially on hot days.",別忘了多喝水，尤其是在炎熱的日子裡。,This means that no increased competition arises for the water or land presently used for food production.,這意味著不會增加對目前用於糧食生產的水或土地的競爭。,110學測,閱讀測驗-文本,Passage for 41-44,名詞；動詞,"名詞: 不可數
動詞: 過去式: watered; 過去分詞: watered; 現在分詞: watering; 第三人稱: waters",water down; in hot water; hold water,liquid (n.); aqua (n.),dryness (n.); dehydration (n.),waiter (n.); later (adv.),,,,,
1,A1,氣候,weather,/ˋwɛðɚ/,(n./v.) 天氣 (不可數),The weather forecast says it will be sunny and warm tomorrow.,天氣預報說明天會是晴朗溫暖的。,Accordingly many people believe that bad weather can reduce productivity and efficiency.,因此，許多人認為壞天氣會降低生產力和效率。,106學測,綜合測驗,Passage for Q26-30,名詞；動詞,"名詞: 不可數
動詞: 過去式: weathered; 過去分詞: weathered; 現在分詞: weathering; 第三人稱: weathers",under the weather; weather the storm,climate (n.); conditions (n.); forecast (n.),calm (n./adj.); steadiness (n.),whether (conj.); wether (n.),,,,,
1,A1,氣候,wind,/wɪnd/,(n./v.) 風,The strong wind blew my hat off my head.,大風把我的帽子從頭上吹走了。,Phones resembling the wind phone have since been built around the world.,此後，類似風之電話的電話亭已在世界各地建造。,113學測,文意選填,Passage for 21-30,名詞；動詞,"名詞: 可數；複數: winds
動詞: 過去式: wound; 過去分詞: wound; 現在分詞: winding; 第三人稱: winds",wind up; wind down; get wind of,breeze (n.); gust (n.); air current (n.),calm (n./adj.); still air (n.),mind (n.); wined (v.),,,,,
2,B1,氣候,climate,/ˋklaɪmɪt/,(n.) 氣候,The climate in Taiwan is generally warm and humid.,台灣的氣候通常溫暖潮濕。,Tropical infections are thus as much related to government inaction as they are to climate.,因此，熱帶感染與政府的不作為關係密切，與氣候的關係也一樣。,107學測,閱讀測驗-文本,Passage for Q45-48,名詞,名詞: 可數；複數: climates,,clime (n.); weather pattern (n.); atmosphere (n.),instability (n.); chaos (n.),climax (n.); intimate (adj./v.),,,,,
2,A2,氣候,desert,/dɪˋzɝt/,(n./v.) 沙漠,Camels can travel for days across the hot desert without water.,駱駝可以在炎熱的沙漠中行進數日而無需飲水。,The ocean is like a desert to them since they don't drink seawater.,海洋對牠們來說就像沙漠，因為牠們不喝海水。,105學測,閱讀測驗-答案選項,Question 54,名詞；動詞,"名詞: 可數；複數: deserts
動詞: 過去式: deserted; 過去分詞: deserted; 現在分詞: deserting; 第三人稱: deserts",,wasteland (n.); dunes (n.); arid land (n.),oasis (n.); wetland (n.),dessert (n.),,,,,
2,B1,氣候,energy,/ˋɛnɚdʒɪ/,(n.) 能量；精力,"After a good night's sleep, I felt full of energy.",睡了個好覺之後，我感覺精力充沛。,"Then, a local green energy startup company got the idea to turn that waste into energy.",然後，一家當地綠色能源新創公司產生了將這些廢棄物轉化為能源的想法。,110學測,閱讀測驗-文本,Passage for 41-44,名詞,名詞: 可數；複數: energies,,power (n.); vigor (n.); strength (n.),fatigue (n.); exhaustion (n.),enemy (n.),en-,-y,,cause to; put into (使成為；放入),"enrich (豐富), enable (使能夠), enlighten (啟發)"
2,B1,氣候,environment,/ɪnˋvaɪrənmənt/,(n.) 環境,We should protect our environment for future generations.,我們應該為子孫後代保護我們的環境。,"They grade and report on the quality of products, customer service, and environment of the stores to which they are assigned.",他們對被指派商店的產品品質、顧客服務和環境進行評分並提交報告。,113學測,綜合測驗,Passage for 11-15,名詞,名詞: 可數；複數: environments,,surroundings (n.); habitat (n.); setting (n.),void (n.); emptiness (n.),environ (v.),en-,-ment,,cause to; put into (使成為；放入),"enrich (豐富), enable (使能夠), enlighten (啟發)"
2,A2,氣候,fog,/fok/,(n./v.) 霧,Driving in the heavy fog was very dangerous.,在濃霧中開車非常危險。,"Once the pests detect the chemical fog in the room, they'll hide themselves in walls or other hideaways, where you'll never be able to treat them effectively.",一旦害蟲偵測到房間裡的化學煙霧，它們就會躲到牆壁或其他藏身處，在那裡你將永遠無法有效處理它們。,108學測,閱讀測驗-文本,Passage for Q53-56,名詞；動詞,"名詞: 可數／不可數；複數: fogs
動詞: 過去式: fogged; 過去分詞: fogged; 現在分詞: fogging; 第三人稱: fogs",in a fog; fog up,mist (n.); haze (n.); smog (n.),clarity (n.); clearness (n.),dog (n.); frog (n.); log (n.),,,,,
2,A2,氣候,forest,/fɚˋgɪv/,(n.) 森林,"Many animals live deep in the forest, far from human towns.",許多動物住在森林深處，遠離人類城鎮。,That's why he did not allow fallen leaves or twigs from the forest to be removed.,這就是為什麼他不允許移除森林中的落葉或枯枝。,105學測,文意選填,Passage for Questions 31-40,名詞,名詞: 可數；複數: forests,,woods (n.); woodland (n.); jungle (n.),plain (n.); grassland (n.),forehead (n.); forecast (n./v.),,,,,
2,A2,氣候,ocean,/ˋɔfɚ/,(n.) 海洋,The vast ocean is home to millions of different marine species.,廣闊的海洋是數百萬種不同海洋物種的家園。,"Situated off the coast of Tanzania and washed by the warm, clean waters of the Indian Ocean, Zanzibar is a tropical archipelago comprised of several scattered islands.",位於坦尚尼亞海岸外，並被溫暖、潔淨的印度洋海水沖刷著，尚西巴是一個由數個分散島嶼組成的熱帶群島。,112學測,閱讀測驗-文本,Passage for 43-46,名詞,名詞: 可數；複數: oceans,,sea (n.); open water (n.); blue (n.),land (n.); continent (n.),lotion (n.); motion (n.),,,,,
2,B1,氣候,shore,/ʃɑt/,(n.) 岸；濱,"We walked along the sandy shore, collecting seashells and driftwood.",我們沿著沙岸散步，撿拾著海螺和浮木。,,,,,,名詞,名詞: 可數；複數: shores,,coast (n.); beach (n.); seaside (n.),inland (adj./n.); open sea (n.),short (adj.); store (n./v.); share (v./n.),,,,,
2,B2,氣候,soil,/səˋluʃən/,(n.) 土壤,Good soil is essential for plants to grow strong and healthy.,良好的土壤對於植物茁壯成長至關重要。,But he simply ignored them and kept working on the soil and planting trees there.,但他只是不理會他們，繼續改良土壤並在那裡種樹。,105學測,文意選填,Passage for Questions 31-40,名詞,名詞: 可數／不可數；複數: soils,,earth (n.); dirt (n.); loam (n.),bedrock (n.); rock (n.),boil (v./n.); coil (n./v.); toil (n./v.),,,,,
2,A2,氣候,storm,/ˋstrendʒɚ/,(n./v.) 暴風雨,A sudden storm forced us to cancel our outdoor picnic.,一場突如其來的暴風雨迫使我們取消了戶外野餐。,A storm cloud “chased” him until he was struck.,一片暴風雲「追」著他，直到他被擊中。,110學測,綜合測驗,Passage for 21-25,名詞；動詞,"名詞: 可數；複數: storms
動詞: 過去式: stormed; 過去分詞: stormed; 現在分詞: storming; 第三人稱: storms",weather the storm; storm out; take by storm,tempest (n.); squall (n.); cyclone (n.),calm (n./adj.); peace (n.),form (n./v.); dorm (n.); worm (n.),,,,,
2,,氣候,temperature,/tɝm/,(n.) 溫度；體溫,"The temperature dropped significantly overnight, so remember to wear warm clothes.",氣溫在一夜之間顯著下降，所以記得穿暖和的衣服。,The study warned that Papua's glaciers are only the “first to go” if greenhouse gases are left unchecked and temperatures continue rising.,該研究警告說，如果溫室氣體不加以控制且氣溫持續上升，巴布亞的冰川將只是「第一個消失」的。,110學測,綜合測驗,Passage for 26-30,名詞,名詞: 可數；複數: temperatures,,heat (n.); warmth (n.); degree (n.),cold (n.); coolness (n.),temperate (adj.); temperament (n.),,-ature,,state or condition of (…的狀態),"temperature (溫度), legislature (立法機構), signature (簽名)"
2,A3,氣候,typhoon,/ˋʌglɪ/,(n.) 颱風,"Last night, a strong typhoon brought heavy rain and powerful winds to the entire island.",昨晚，一場強颱風為整個島嶼帶來了暴雨和強風。,"One week after the typhoon, some bridges were finally opened and bus service resumed in the country's most severely damaged areas.",颱風過後一周，一些橋樑終於重新開放，該國受災最嚴重的地區恢復了公車服務。,110學測,詞彙題,Question 15,名詞,名詞: 可數；複數: typhoons,,cyclone (n.); hurricane (n.); storm (n.),calm (n.); stillness (n.),tycoon (n.),,,,,
2,A2,氣候,wood(s),/wʊl/,(n.) 木頭；樹林,"The house was made of dark, sturdy wood.",這房子是用深色堅固的木頭建造的。,"One fine morning in 1941, Swiss engineer George de Mestral went for a walk in the woods with his dog.",在1941年一個美好的早晨，瑞士工程師喬治．德．梅斯楚爾帶著他的狗在樹林裡散步。,113學測,閱讀測驗-文本,Passage for 35-38,名詞,名詞: 單數: wood; 複數: woods,,forest (n.); timber (n.); woodland (n.),desert (n.); treeless plain (n.),would (aux.); good (adj.); hood (n.),,-s,,plural marker (複數標記),"woods (樹林), clouds (雲), rivers (河流)"
3,B2,氣候,beam,/bim/,(n./v.) 光束；樑,A strong beam of light shone through the window.,一束強光透過窗戶射進來。,"The clouds parted and a beam of light fell on the church, through the windows, and onto the floor.",雲層散開，一道光線落在教堂上，穿過窗戶，照在地面。,106學測,詞彙題,Question 10,名詞；動詞,"名詞: 可數；複數: beams
動詞: 過去式: beamed; 過去分詞: beamed; 現在分詞: beaming; 第三人稱: beams",,ray (n.); shaft (n.); gleam (n.),shadow (n.); darkness (n.),dream (n./v.); cream (n.); steam (n.),,,,,
3,B1,氣候,breeze,/briz/,(n./v.) 微風,A gentle breeze rustled the leaves on the trees.,一陣微風吹動樹上的葉子沙沙作響。,,,,,,名詞；動詞,"名詞: 可數；複數: breezes
動詞: 過去式: breezed; 過去分詞: breezed; 現在分詞: breezing; 第三人稱: breezes",,zephyr (n.); light wind (n.); draft (n.),stillness (n.); stagnant air (n.),freeze (v.); sneeze (v./n.),,,,,
3,B1,氣候,dirt,/dɝt/,(n.) 泥土；汙垢,"After playing outside, his hands were covered in dirt.",在外面玩耍後，他的手沾滿了泥土。,,,,,,名詞,名詞: 不可數,,soil (n.); filth (n.); grime (n.),purity (n.); cleanliness (n.),shirt (n.); skirt (n.),,,,,
3,B1,氣候,flood,/flʌd/,(n./v.) 洪水；水災,The heavy rain caused a terrible flood in the village.,大雨導致村莊發生嚴重的洪水。,The recent flood completely ruined my parents' farm.,最近的洪水徹底摧毀了我父母的農場。,105學測,詞彙題,Question 13,名詞；動詞,"名詞: 可數；複數: floods
動詞: 過去式: flooded; 過去分詞: flooded; 現在分詞: flooding; 第三人稱: floods",,deluge (n./v.); inundation (n.); overflow (n./v.),drought (n.); dry spell (n.),blood (n.); food (n.); mood (n.),,,,,
3,B1,氣候,fountain,/ˋfaʊntɪn/,(n.) 噴泉；噴水池；源頭,Children love to play around the fountain in the park.,孩子們喜歡在公園的噴泉周圍玩耍。,"In fact, a visit to a major European city just would not be the same without encountering them: bathing in fountains, perching on historic buildings, and flocking in public squares.",事實上，如果沒有遇到牠們：在噴泉中洗澡、棲息在歷史建築物上，以及成群地聚集在公共廣場上，一次主要歐洲城市的訪問就不會是完整的。,110學測,綜合測驗,Passage for 16-20,名詞,名詞: 可數；複數: fountains,,spring (n.); jet (n.); water source (n.),dry well (n.); empty basin (n.),mountain (n.); maintain (v.),,-ain,,person or thing related to (與…相關的人或物),"mountain (山), captain (隊長), fountain (噴泉)"
3,B2,氣候,global,/ˋglob!/,(adj.) 全球的；全世界的,Climate change is a global problem that affects everyone on Earth.,氣候變遷是一個影響地球上每個人的全球性問題。,"Global sales of hard hats totaled USD 2.1 billion in 2016, and are expected to reach USD 3.19 billion in 2025.",全球安全帽的銷售額在 2016 年達到 21 億美元，預計在 2025 年將達到 31.9 億美元。,111學測,閱讀測驗-文本,Passage for 39-42,形容詞,形容詞: 比較級: more global; 最高級: most global,,worldwide (adj.); planetary (adj.); international (adj.),local (adj.); regional (adj.),local (adj.); vocal (adj.),,-al,,relating to; having the quality of (與…相關；具有…特質),"global (全球的), seasonal (季節性的), coastal (沿海的)"
3,,氣候,greenhouse,/ˋgrin͵haʊs/,(n.) 溫室；暖房,My grandmother grows beautiful orchids in her greenhouse.,我奶奶在她的溫室裡種植美麗的蘭花。,The study warned that Papua's glaciers are only the “first to go” if greenhouse gases are left unchecked and temperatures continue rising.,該研究警告說，如果溫室氣體不加以控制且氣溫持續上升，巴布亞的冰川將只是「第一個消失」的。,110學測,綜合測驗,Passage for 26-30,名詞,名詞: 可數；複數: greenhouses,,glasshouse (n.); nursery (n.); hothouse (n.),open field (n.); outdoor space (n.),green (adj./n.); house (n.),,,,,
3,B1,氣候,icy,/ˋaɪsɪ/,(adj.) 冰冷的；結冰的；冰封的,The icy wind bit into our faces as we walked home.,當我們走回家時，冰冷的風刺痛著我們的臉。,,,,,,形容詞,形容詞: 比較級: icier; 最高級: iciest,,frozen (adj.); glacial (adj.); frosty (adj.),warm (adj.); balmy (adj.),ivy (n.),,-y,,characterized by; full of (具有…性質),"windy (多風的), rainy (多雨的), energy (能量)"
3,B2,氣候,melt,/mɛlt/,(v.) （使）融化；（使）熔化,The ice cream started to melt quickly in the hot summer sun.,冰淇淋在炎熱的夏日陽光下迅速融化。,The electrical shock burned almost half of his body and melted layers of his skin off.,電擊燒傷了他身體近一半的面積，並融化了他好幾層皮膚。,113學測,閱讀測驗-文本,Passage for 43-46,動詞,動詞: 過去式: melted; 過去分詞: melted; 現在分詞: melting; 第三人稱: melts,melt away; melt down,thaw (v.); dissolve (v.); liquefy (v.),freeze (v.); solidify (v.),belt (n.); felt (n./v.),,,,,
3,B2,氣候,mist,/mɪst/,(n./v.) 薄霧；水氣,"A thick mist covered the city early in the morning, reducing visibility.",清晨厚厚的薄霧籠罩著城市，降低了能見度。,"Moreover, bugs that do come in contact with the mist may be resistant to the pesticide.",此外，接觸到煙霧的蟲子可能對殺蟲劑產生抗藥性。,108學測,閱讀測驗-文本,Passage for Q53-56,名詞；動詞,"名詞: 可數／不可數；複數: mists
動詞: 過去式: misted; 過去分詞: misted; 現在分詞: misting; 第三人稱: mists",,fog (n.); haze (n.); spray (n.),clarity (n.); transparency (n.),list (n./v.); fist (n.); miss (v./n.),,,,,
3,B1,氣候,pollution,/pəˋluʃən/,(n.) 污染,Air pollution is a major problem in many industrial cities.,空氣污染是許多工業城市的一大問題。,"In line with the worldwide green movement, carmakers have been working hard to make their new models more environmentally friendly to reduce pollution.",為響應全球環保運動，汽車製造商一直努力使其新款車型更環保以減少污染。,105學測,詞彙題,Question 15,名詞,名詞: 不可數,,contamination (n.); defilement (n.); smog (n.),purification (n.); cleanliness (n.),solution (n.); evolution (n.),,-ion,,"act, condition, or result (…的行動／狀態)","emission (排放), erosion (侵蝕), pollution (污染)"
3,C2,氣候,timber,/ˋtɪmbɚ/,(n.) 木材；木料,They cut down trees to get timber for building houses.,他們砍伐樹木，獲取木材來建造房屋。,,,,,,名詞,名詞: 不可數；集合用法複數: timbers,,lumber (n.); wood (n.); logs (n.),steel (n.); metal (n.),ember (n.); number (n.),,,,,
3,B2,氣候,tropical,/ˋtrɑpɪk!/,(adj.) 熱帶的,Tropical fruits like mangoes and papayas grow well in hot climates.,芒果和木瓜等熱帶水果在炎熱氣候下生長良好。,"Situated off the coast of Tanzania and washed by the warm, clean waters of the Indian Ocean, Zanzibar is a tropical archipelago comprised of several scattered islands.",位於坦尚尼亞海岸外，並被溫暖、潔淨的印度洋海水沖刷著，尚西巴是一個由數個分散島嶼組成的熱帶群島。,112學測,閱讀測驗-文本,Passage for 43-46,形容詞,形容詞: 比較級: more tropical; 最高級: most tropical,,equatorial (adj.); balmy (adj.); humid (adj.),polar (adj.); arctic (adj.),topical (adj.); typical (adj.),,-al,,relating to; having the quality of (與…相關；具有…特質),"global (全球的), seasonal (季節性的), coastal (沿海的)"
4,B1,氣候,atmosphere,/ˋætməs͵fɪr/,(n.) 大氣；氣氛,The restaurant had a cozy and friendly atmosphere.,這家餐廳有溫馨友善的氣氛。,,,,,,名詞,名詞: 可數；複數: atmospheres,,air (n.); aura (n.); climate (n.),vacuum (n.); void (n.),sphere (n.); hemisphere (n.),,,,,
4,B2,氣候,frost,/frɑst/,(n./v.) 霜,There was a thick layer of frost on the car windows this morning.,今天早上車窗上結了厚厚一層霜。,,,,,,名詞；動詞,"名詞: 可數／不可數；複數: frosts
動詞: 過去式: frosted; 過去分詞: frosted; 現在分詞: frosting; 第三人稱: frosts",frost over,rime (n.); hoarfrost (n.); ice (n.),thaw (n./v.); melt (v.),cost (n./v.); host (n./v.),,,,,
4,C2,氣候,globe,/glob/,(n.) 地球；地球儀；球狀物,Students learn about different countries by spinning the globe.,學生們透過轉動地球儀來學習不同的國家。,,,,,,名詞,名詞: 可數；複數: globes,,earth (n.); world (n.); planet (n.),space (n.); void (n.),robe (n.); probe (n./v.),,,,,
4,,氣候,hurricane,/ˋhɝɪ͵ken/,(n.) 颶風,The hurricane caused widespread damage along the coast.,颶風沿著海岸線造成了廣泛的破壞。,,,,,,名詞,名詞: 可數；複數: hurricanes,,cyclone (n.); typhoon (n.); tempest (n.),calm (n.); stillness (n.),cane (n.); crane (n.),,,,,
4,C1,氣候,preservation,/͵prɛzɚˋveʃən/,(n.) 保存；維護,The preservation of historical sites is crucial for understanding our past.,歷史遺跡的保存對於理解我們的過去至關重要。,,,,,,名詞,名詞: 不可數,,conservation (n.); protection (n.); safekeeping (n.),destruction (n.); neglect (n.),reservation (n.); observation (n.),pre-,-ation,,before (之前),"preheat (預熱), preview (預覽), prefix (前綴), pre-test (預測試), pre-war (戰前)"
4,,氣候,rainfall,/ˋren͵fɔl/,(n.) 降雨量；下雨,Heavy rainfall caused the river to overflow its banks.,大量降雨導致河水氾濫。,The sea snakes' population distribution is closely related to rainfall.,海蛇的族群分佈與降雨量密切相關。,105學測,閱讀測驗-答案選項,Question 56,名詞,名詞: 不可數,,precipitation (n.); shower (n.); downpour (n.),drought (n.); dry season (n.),waterfall (n.); downfall (n.),,,,,
4,B2,氣候,solar,/ˋsolɚ/,(adj.) 太陽的；利用太陽能的,Many countries are developing solar energy to replace traditional fossil fuels.,許多國家正在發展太陽能以取代傳統的化石燃料。,,,學測,,,形容詞,形容詞: 無常用比較級／最高級,,sunny (adj.); sunlit (adj.); heliacal (adj.),lunar (adj.); nocturnal (adj.),polar (adj.); molar (n./adj.),,-ar,,pertaining to; like (屬於…的；像…的),"polar (極地的), solar (太陽的), stellar (星的)"
4,B2,氣候,species,/ˋspiʃiz ˋspisiz/,(n.) 物種；種類,Scientists are working hard to protect endangered species from extinction.,科學家們正在努力保護瀕臨絕種的物種。,"To me, a zoo can be a good place for endangered species which have difficulty finding suitable mates in the wild.",對我來說，動物園可以成為瀕臨滅絕物種的好地方，這些物種在野外很難找到合適的伴侶。,114學測,混合題-文本,Forum D,名詞,名詞: 單複同形: species,,type (n.); kind (n.); variety (n.),hybrid (n.); mongrel (n.),space (n.); special (adj.),,-ies,,plural form of -y words (-y 字尾的複數),"species (物種), valleys (山谷), skies (天空)"
4,B2,氣候,surroundings,/səˋraʊndɪŋz/,(n.) 環境；周圍的事物,The beautiful surroundings made our picnic very enjoyable.,美麗的環境讓我們的野餐非常愉快。,,,學測,,,名詞,名詞: 恆用複數: surroundings,,environment (n.); setting (n.); environs (n.),void (n.); nothingness (n.),surrounding (adj.); sounding (n./adj.),sur-,-ings,,over; above (在…之上),"surface (表面), surpass (超越), surround (環繞)"
5,B2,氣候,carbon,/ˋkɑrbən/,(n.) 碳；複寫紙,Carbon dioxide is a gas produced when we breathe out.,二氧化碳是我們呼氣時產生的一種氣體。,Its manufacture also leaves a smaller carbon footprint.,它的製造也留下了更小的碳足跡。,108學測,綜合測驗,Passage for Q21-25,名詞,名詞: 不可數；專業用法複數: carbons,,graphite (n.); coal (n.); charcoal (n.),oxygen (n.); hydrogen (n.),carton (n.),,-on,,particle; unit (粒子；單位),"carbon (碳), neutron (中子), horizon (地平線)"
5,B2,氣候,conservation,/͵kɑnsɚˋveʃən/,(n.) (對自然環境等的)保護；保存；節約,"Water conservation is crucial, especially during droughts.",水資源保護至關重要，尤其在乾旱時期。,"While early zoos put emphasis on displaying as many unusual creatures as possible, most modern zoos now focus on conservation and education.",早期動物園著重於展示盡可能多不尋常的生物，而大多數現代動物園現在則專注於保育和教育。,114學測,混合題-文本,Prompt for Q47-50,名詞,名詞: 不可數,,preservation (n.); protection (n.); stewardship (n.),waste (n./v.); exploitation (n.),conversation (n.); consideration (n.),con-,-ation,,together; with (共同；一起),"connect (連結), conserve (保存), converge (匯聚)"
5,C2,氣候,drought,/draʊt/,(n.) 乾旱；旱災,The long drought caused severe water shortages.,長期乾旱導致嚴重的水資源短缺。,,,,,,名詞,名詞: 可數；複數: droughts,,dry spell (n.); aridity (n.); parched period (n.),flood (n.); deluge (n.),draught (n.); dough (n.),,,,,
5,C1,氣候,ecology,/ɪˋkɑlədʒɪ/,(n.) 生態學；生態環境,Studying ecology helps us understand how living things interact with their environment.,學習生態學幫助我們了解生物如何與其環境互動。,,,,,,名詞,名詞: 可數；複數: ecologies,,environmental science (n.); ecosystem study (n.); biology (n.),imbalance (n.); destruction (n.),apology (n.); biology (n.),eco-,-y,,home; environment (家園；環境),"ecosystem (生態系), ecology (生態學), ecofriendly (環保的)"
5,,氣候,ecosystem,/ˋɛko͵sɪstəm/,(n.) 生態系統,A healthy forest is a complex ecosystem where plants and animals depend on each other.,健康的森林是一個複雜的生態系統，其中動植物互相依存。,"There would be a real chance of running aground and damaging the ship and the cargo, some of which might be dangerous if released into a water-based ecosystem.",將會有擱淺並損壞船隻和貨物的實際風險，其中有些貨物如果釋放到水生生態系統中可能會很危險。,109學測,閱讀測驗-文本,Passage for 45-48,名詞,名詞: 可數；複數: ecosystems,,biome (n.); community (n.); environment (n.),wasteland (n.); barrenness (n.),system (n.),eco-,,,home; environment (家園；環境),"ecosystem (生態系), ecology (生態學), ecofriendly (環保的)"
5,C1,氣候,emission,/ɪˋmɪʃən/,(n.) 排放(物)；散發,Car emissions contribute to air pollution and climate change.,汽車排放物導致空氣汙染和氣候變遷。,,,,,,名詞,名詞: 可數；複數: emissions,,discharge (n.); release (n.); output (n.),absorption (n.); capture (n.),mission (n.); omission (n.); permission (n.),e-,-ion,miss,send (送),"submit (提交), mission (任務), permission (許可), transmit (傳輸), dismiss (解雇), missile (導彈)"
5,C1,氣候,habitat,/ˋhæbə͵tæt/,(n.) (動植物的)棲息地,The destruction of forests threatens the habitats of many animals.,森林的破壞威脅到許多動物的棲息地。,"In the Indian state of Assam, growing numbers of tea farms are destroying the Asian elephant's habitats and endangering their population.",在印度阿薩姆邦，越來越多的茶園正在破壞亞洲象的棲息地，並危及牠們的族群。,112學測,閱讀測驗-文本,Passage for 39-42,名詞,名詞: 可數；複數: habitats,,home (n.); environment (n.); niche (n.),wasteland (n.); barren area (n.),habit (n.); habitual (adj.),,-at,,action or result (動作或結果),"habitat (棲地), climate (氣候), format (格式)"
5,C2,氣候,mount,/maʊnt/,(n./v.) (常大寫用於山名前)山峰；底座；乘用馬,"Mount Everest is the highest mountain in the world, attracting climbers from everywhere.",聖母峰是世界上最高的山，吸引著來自各地的登山者。,"Mounted in the two tall towers of the cathedral, Notre-Dame's bells have been ringing for over 800 years.",裝置在教堂兩座高聳的塔樓中，巴黎聖母院的鐘聲已敲響了八百多年。,114學測,文意選填,Passage for Q21-30,名詞；動詞,"名詞: 可數；複數: mounts
動詞: 過去式: mounted; 過去分詞: mounted; 現在分詞: mounting; 第三人稱: mounts",mount up,climb (v.); ascend (v.); scale (v.),dismount (v.); descend (v.),count (v./n.); amount (n.),,,,,
5,C1,氣候,sustainable,/səˋstenəb!/,(adj.) 可持續的；能維持的,We need to find sustainable ways to produce energy without harming the environment.,我們需要找到可持續的能源生產方式，同時不傷害環境。,"Following him, many local people opened their own bookshops, and the small town soon became a model of sustainable rural development and tourism.",跟隨他的腳步，許多當地居民也開了自己的書店，這個小鎮很快就成為了永續鄉村發展和觀光的典範。,111學測,綜合測驗,Passage for 11-15,形容詞,形容詞: 比較級: more sustainable; 最高級: most sustainable,,renewable (adj.); viable (adj.); enduring (adj.),unsustainable (adj.); wasteful (adj.),suitable (adj.); attainable (adj.),sus-,-able,,lift up; maintain (支撐；維持),"sustain (維持), suspend (懸掛), susceptible (易受影響的)"
5,B1,氣候,wildlife,/ˋwaɪld͵laɪf/,(n.) 野生生物(總稱),"The national park is home to a diverse range of wildlife, including bears and eagles.",這個國家公園是各種野生生物的家園，包括熊和老鷹。,Wildlife encounters are unforgettable experiences for children and adults alike.,與野生動物的邂逅對兒童和成人來說都是難忘的經驗。,114學測,混合題-文本,Forum C,名詞,名詞: 不可數；單複同形: wildlife,,fauna (n.); animals (n.); creatures (n.),domestic animals (n.); livestock (n.),wild (adj.); life (n.),,,,,
6,,氣候,glacier,/ˋgleʃɚ/,(n.) 冰河；冰川,"The majestic glacier slowly moved down the valley, carving out the landscape over thousands of years.",雄偉的冰河緩慢地沿著山谷移動，在數千年裡雕塑著地貌。,"“The mountains and valleys are the arms and legs of their god and the glaciers are the head,"" explained the head researcher.",首席研究員解釋說：「山脈和山谷是他們神的臂膀和雙腿，而冰川則是頭部。」,110學測,綜合測驗,Passage for 26-30,名詞,名詞: 可數；複數: glaciers,,ice sheet (n.); icefield (n.); ice mass (n.),lava (n.); desert (n.),grace (n.); glazier (n.),,-ier,,person or thing associated with (與…相關的人／物),"glacier (冰河), cashier (出納員), clothier (成衣商)"
6,C1,氣候,ozone,/ˋozon/,(n.) 臭氧,The ozone layer protects Earth from harmful UV radiation.,臭氧層保護地球免受有害紫外線輻射。,,,,,,名詞,名詞: 不可數,,trioxygen (n.); O3 (n.); ozone layer (n.),smog (n.); pollutants (n.),zone (n.); one (num.),,-e,,thing or substance; noun ending (事物；名詞尾),"ozone (臭氧), dune (沙丘), core (核心)"
6,,氣候,polar,/ˋpolɚ/,(adj.) 極地的；兩極的；(性質)正好相反的,Polar bears live in the cold polar regions of the Arctic.,北極熊生活在北極寒冷的極地地區。,My childhood memory of a polar bear pacing back and forth in a very small space in a zoo keeps haunting me.,我小時候在動物園看到一隻北極熊在非常小的空間裡來回踱步，這段記憶一直困擾著我。,114學測,混合題-文本,Forum E,形容詞,形容詞: 比較級: more polar; 最高級: most polar,,arctic (adj.); frigid (adj.); icy (adj.),equatorial (adj.); tropical (adj.),solar (adj.); popular (adj.),,-ar,,pertaining to; like (屬於…的；像…的),"polar (極地的), solar (太陽的), stellar (星的)"
6,,氣候,swamp,/swɑmp/,(n./v.) 沼澤；濕地；困境,"Crocodiles live in the swamp, a very wet and muddy area.",鱷魚住在沼澤裡，那是一個非常潮濕泥濘的地區。,,,,,,名詞；動詞,"名詞: 可數；複數: swamps
動詞: 過去式: swamped; 過去分詞: swamped; 現在分詞: swamping; 第三人稱: swamps",be swamped with...,marsh (n.); bog (n.); wetland (n.),desert (n.); dry land (n.),stamp (n./v.); swap (v./n.),,,,,
6,B2,氣候,tornado,/tɔrˋnedo/,(n.) 龍捲風,"The powerful tornado tore through the town, leaving a path of destruction.",那股強大的龍捲風肆虐城鎮，留下了一條破壞的痕跡。,,,,,,名詞,名詞: 可數；複數: tornadoes/tornados,,twister (n.); cyclone (n.); whirlwind (n.),calm (n.); still air (n.),torpedo (n.),,-ado,,characterized by force or motion (具有力量或動感),"tornado (龍捲風), bravado (虛張聲勢), desperado (亡命之徒)"
6,,氣候,torrent,/ˋtɔrənt/,(n.) 洪流；急流；(話語、情感的)迸發,"After the heavy rain, a torrent of water rushed down the mountain.",大雨過後，一股洪流從山上沖瀉而下。,,,,,,名詞,名詞: 可數；複數: torrents,,downpour (n.); deluge (n.); stream (n.),trickle (n./v.); drip (n./v.),current (n./adj.); parent (n.),,-ent,,having the quality of; thing that (具有…特質；事物),"current (水流), nutrient (營養素), torrent (急流)"
6,,氣候,tropic,/ˋtrɑpɪk/,(n./adj.) (南、北)回歸線；(the T-s)熱帶地區,"Taiwan lies partly in the tropics, enjoying a warm, humid climate.",台灣部分位於熱帶地區，享有溫暖潮濕的氣候。,,,,,,名詞；形容詞,名詞: 複數: tropics；形容詞: 無常用比較級,,tropical zone (n.); equatorial region (n.); hot belt (n.),polar zone (n.); temperate zone (n.),topic (n.); tragic (adj.),,-ic,,relating to; characteristic of (具…特性),"tropic (熱帶的), arctic (北極的), volcanic (火山的)"